type,classification_description
CPXCLASS,AC Generators
CPXCLASS,AC Motors
GEOCLASS,AGRICULTURE
CABSCLASS,APPLIED MICROBIOLOGY AND BIOTECHNOLOGY
CPXCLASS,Abrasive Materials
CPXCLASS,Accidents and Accident Prevention
CPXCLASS,Acoustic Devices
CPXCLASS,Acoustic Generators
CPXCLASS,Acoustic Noise
CPXCLASS,Acoustic Properties of Materials
CPXCLASS,Acoustic Waves
CPXCLASS,Acoustical Instruments
CPXCLASS,Acoustical and Optical Measuring Instruments
CPXCLASS,"Acoustics, Noise and Sound"
GEOCLASS,Adaptation
EMCLASS,Adverse Reactions Titles
CPXCLASS,"Aerodynamics, General"
GEOCLASS,Aerosols
CPXCLASS,Agricultural Chemicals
CPXCLASS,Agricultural Equipment and Methods
CPXCLASS,Agricultural Machinery and Equipment
CPXCLASS,Agricultural Methods
CPXCLASS,Agricultural Products
CPXCLASS,Agricultural Wastes
GEOCLASS,Agricultural research and extension
GEOCLASS,Agriculture
GEOCLASS,"Agriculture, resource development and the environment"
CPXCLASS,Air Conditioning
CPXCLASS,Air Navigation and Traffic Control
CPXCLASS,Air Pollution
CPXCLASS,Air Pollution Control
CPXCLASS,Air Pollution Sources
CPXCLASS,Air Transportation
CPXCLASS,"Air Transportation, General"
GEOCLASS,"Air masses, Atmospheric motion"
GEOCLASS,Air-sea interaction
CPXCLASS,Aircraft Instruments and Equipment
CPXCLASS,"Aircraft, General"
CPXCLASS,Airports
CPXCLASS,Algebra
CPXCLASS,Alkali Metals
CPXCLASS,Alkaline Earth Metals
CPXCLASS,Aluminum
CPXCLASS,Aluminum Alloys
CPXCLASS,Amorphous Solids
CPXCLASS,Amplifiers
EMCLASS,"Anatomy, Anthropology, Embryology and Histology"
EMCLASS,Anesthesiology
GEOCLASS,Animal ecology
CPXCLASS,Antimony and Alloys
GEOCLASS,Applications
CPXCLASS,Applied Mathematics
CPXCLASS,Applied Physics Generally
GEOCLASS,Applied sedimentology
GEOCLASS,Applied seismology
GEOCLASS,Arable
CPXCLASS,Architectural Acoustics
EMCLASS,Arthritis and Rheumatism
CPXCLASS,Artificial Intelligence
CPXCLASS,Asphalt
CPXCLASS,Atmospheric Properties
GEOCLASS,Atmospheric chemistry
GEOCLASS,Atmospheric pollution
CPXCLASS,Atomic and Molecular Physics
CPXCLASS,Automatic Control Principles and Applications
CPXCLASS,Automobile and Smaller Vehicle Components
CPXCLASS,Automobiles
CPXCLASS,Automobiles and Smaller Vehicles
ENCOMPASSCLASS,Automotive
CPXCLASS,"Automotive Engineering, General"
GEOCLASS,"Bacteriology, virology and parasitology"
GEOCLASS,Base courses and pavements
GEOCLASS,Benthic and hydrothermal communities
CPXCLASS,Beryllium and Alloys
CPXCLASS,Biochemistry
CPXCLASS,Bioengineering
CPXCLASS,Bioengineering and Biology
GEOCLASS,Biogeochemical cycles
CPXCLASS,Bioinformatics
CPXCLASS,Biological Materials
CPXCLASS,Biological Materials and Tissue Engineering
GEOCLASS,Biological and integrated control
GEOCLASS,Biological uptake
CPXCLASS,Biology
CPXCLASS,Biomaterials
CPXCLASS,Biomaterials (including synthetics)
CPXCLASS,Biomechanics
CPXCLASS,"Biomechanics, Bionics and Biomimetics"
CPXCLASS,Biomedical Engineering
CPXCLASS,"Biomedical Equipment, General"
EMCLASS,"Biophysics, Bioengineering and Medical Instrumentation"
GEOCLASS,Biota
GEOCLASS,Biotechnology
CPXCLASS,Biotechnology
CPXCLASS,Bituminous Materials
CPXCLASS,Blast Furnaces
CPXCLASS,Brick Materials
CPXCLASS,Brickmaking
CPXCLASS,Bridges
CPXCLASS,Buildings and Towers
CABSCLASS,CANCER RESEARCH
CABSCLASS,CELL AND DEVELOPMENTAL BIOLOGY
CABSCLASS,CLINICAL CHEMISTRY
FLXCLASS,COASTAL AND OCEAN ENGINEERING
FLXCLASS,CORROSION
GEOCLASS,CULTURE AND DEVELOPMENT
CPXCLASS,Calculus
EMCLASS,Cancer
GEOCLASS,Capital and Investments
EMCLASS,Cardiovascular Diseases and Cardiovascular Surgery
GEOCLASS,Cartography
GEOCLASS,Case studies
ENCOMPASSCLASS,Catalysts/Zeolites
CPXCLASS,Cellular Manufacturing
CPXCLASS,Cellulose and Derivatives
CPXCLASS,"Cellulose, Lignin and Derivatives"
CPXCLASS,"Cellulose, Paper and Wood Products"
CPXCLASS,Cement
CPXCLASS,Ceramics
CPXCLASS,Chemical Agents and Basic Industrial Chemicals
CPXCLASS,Chemical Apparatus and Plants
CPXCLASS,"Chemical Engineering, General"
CPXCLASS,Chemical Operations
CPXCLASS,Chemical Plants and Equipment
CPXCLASS,Chemical Products Generally
CPXCLASS,Chemical Reactions
GEOCLASS,Chemical and physical changes
GEOCLASS,Chemical control
CPXCLASS,Chemistry
GEOCLASS,Chemistry
CPXCLASS,"Chemistry, General"
EMCLASS,"Chest Diseases, Thoracic Surgery and Tuberculosis"
CPXCLASS,Chromium and Alloys
GEOCLASS,Chronology
CPXCLASS,Civil Defense and Military Engineering
CPXCLASS,"Civil Engineering, General"
CPXCLASS,Classical Physics
GEOCLASS,Clay minerals
GEOCLASS,"Climate, climate change"
EMCLASS,Clinical and Experimental Biochemistry
EMCLASS,Clinical and Experimental Pharmacology
CPXCLASS,Coal Mines
CPXCLASS,Coal Tar
CPXCLASS,Coastal Engineering
GEOCLASS,Coastal and Marine Management
GEOCLASS,Coastal landforms
GEOCLASS,Coastal protection
GEOCLASS,Coastal protection measures
GEOCLASS,"Coasts, reefs and atolls"
CPXCLASS,Coating Materials
CPXCLASS,Coating Techniques
CPXCLASS,"Coatings, Finishes and Thin Film Deposition"
CPXCLASS,Codes and Standards
CPXCLASS,Colloid Chemistry
CPXCLASS,Combat Naval Vessels
CPXCLASS,"Combinatorial Mathematics, Includes Graph Theory, Set Theory"
CPXCLASS,Communication Satellites
CPXCLASS,Compound Semiconducting Materials
GEOCLASS,"Compression, swelling and consolidation"
CPXCLASS,Compressors
CPXCLASS,Computer Applications
CPXCLASS,Computer Circuits
CPXCLASS,Computer Circuits and Logic Elements
CPXCLASS,Computer Hardware
CPXCLASS,Computer Peripheral Equipment
CPXCLASS,Computer Programming
CPXCLASS,Computer Programming Languages
CPXCLASS,"Computer Software, Data Handling and Applications"
CPXCLASS,Computer Systems and Equipment
CPXCLASS,"Computer Theory (Includes Formal Logic, Automata Theory, Switching Theory and Programming Theory)"
CPXCLASS,"Computer Theory, Includes Computational Logic, Automata Theory, Switching Theory, Programming Theory"
GEOCLASS,Concepts and issues in environmental planning
CPXCLASS,Concrete
CPXCLASS,Concrete Reinforcements
CPXCLASS,Conducting Materials
GEOCLASS,"Conflict, protest, human rights"
GEOCLASS,Conservation and habitat improvement
CPXCLASS,Construction Equipment
CPXCLASS,Construction Equipment and Methods
CPXCLASS,Construction Methods
GEOCLASS,Construction methods
GEOCLASS,Contamination and remediation
CPXCLASS,Control Devices
CPXCLASS,Control Equipment
CPXCLASS,Control Instrumentation
CPXCLASS,Control System Applications
CPXCLASS,Control System Stability
CPXCLASS,Control Systems
CPXCLASS,Conveyors
CPXCLASS,Copper
CPXCLASS,Copper Alloys
CPXCLASS,Corrosion Protection
CPXCLASS,Cost Accounting
CPXCLASS,Cost and Value Engineering
CPXCLASS,Cranes
GEOCLASS,Crop and livestock production - general
GEOCLASS,Crop and livestock production - technical aspects
CPXCLASS,Cryogenics
CPXCLASS,Crystal Growth
CPXCLASS,Crystal Lattice
CPXCLASS,Crystalline Solids
CPXCLASS,Crystalline Solids and Crystallography
GEOCLASS,Crystallography
GEOCLASS,Cultural
CPXCLASS,DC Motors
GEOCLASS,"DEMOGRAPHY, POPULATION POLICY"
CPXCLASS,Dams
GEOCLASS,Dams and embankments
CPXCLASS,"Data Communication, Equipment and Techniques"
CPXCLASS,Data Processing
CPXCLASS,Data Processing and Image Processing
CPXCLASS,"Data Storage, Equipment and Techniques"
CPXCLASS,Database Systems
GEOCLASS,Deformation and strength characteristics
GEOCLASS,Deformation mechanisms and processes
CPXCLASS,Dental Equipment and Supplies
GEOCLASS,Depositional environments
EMCLASS,Dermatology and Venereology
GEOCLASS,Descriptive
CPXCLASS,Development Operations
EMCLASS,Developmental Biology and Teratology
CPXCLASS,Dielectric Materials
CPXCLASS,Diesel Engines
CPXCLASS,Digital Computers and Systems
GEOCLASS,Diseases
EMCLASS,"Drug Dependence, Alcohol Abuse and Alcoholism"
EMCLASS,Drug Literature Index
GEOCLASS,Dynamic meteorology
GEOCLASS,Dynamic properties
CABSCLASS,ECOLOGICAL AND ENVIRONMENTAL SCIENCES
GEOCLASS,EDUCATION AND TRAINING
CABSCLASS,ENDOCRINOLOGY AND METABOLISM
GEOCLASS,ENERGY
GEOCLASS,ENGINEERING GEOLOGY
CPXCLASS,Earth Magnetism and Terrestrial Electricity
GEOCLASS,Earth retaining structures
CPXCLASS,Earthquake Measurements and Analysis
CPXCLASS,Earthquake Resistance
GEOCLASS,Earthquake mechanisms and effects
GEOCLASS,Earthquakes
CPXCLASS,Ecology and Ecosystems
GEOCLASS,Economic
GEOCLASS,Economic Development
GEOCLASS,Economic Geography
GEOCLASS,Economic Geography - General
GEOCLASS,Economic History
GEOCLASS,Economic geochemistry
GEOCLASS,Economic geology
GEOCLASS,Education
CPXCLASS,Education
GEOCLASS,Effects of pollution and environmental disturbance
CPXCLASS,Elastomers
CPXCLASS,Electric Batteries
CPXCLASS,Electric Batteries and Fuel Cells
CPXCLASS,Electric Components
CPXCLASS,Electric Components and Equipment
CPXCLASS,Electric Equipment
CPXCLASS,Electric Filters
CPXCLASS,Electric Generators
CPXCLASS,Electric Lamps
CPXCLASS,Electric Lighting
CPXCLASS,"Electric Machinery, General"
CPXCLASS,Electric Motors
CPXCLASS,Electric Network Analysis
CPXCLASS,Electric Networks
CPXCLASS,Electric Power Distribution
CPXCLASS,Electric Power Lines and Equipment
CPXCLASS,Electric Power Systems
CPXCLASS,Electric Power Transmission
CPXCLASS,Electric Transmission and Distribution
CPXCLASS,Electric Variables Measurements
CPXCLASS,Electric and Electronic Instruments
CPXCLASS,Electric and Electronic Measuring Instruments
CPXCLASS,"Electrical Engineering, General"
GEOCLASS,Electricity
CPXCLASS,Electricity and Magnetism
CPXCLASS,"Electricity, Basic Concepts and Phenomena"
CPXCLASS,Electricity: Basic Concepts and Phenomena
CPXCLASS,Electrochemistry
CPXCLASS,Electroless Plating
CPXCLASS,Electromagnetic Waves
CPXCLASS,Electromagnetic Waves in Different Media
CPXCLASS,Electromagnetic Waves in Relation to Various Structures
CPXCLASS,Electron Tubes
CPXCLASS,Electronic Circuits
CPXCLASS,Electronic Components and Tubes
CPXCLASS,"Electronic Equipment, General Purpose and Industrial"
CPXCLASS,"Electronic Equipment, Radar, Radio and Television"
CPXCLASS,Electronic Structure of Solids
CPXCLASS,Electronic and Thermionic Materials
CPXCLASS,Electroplating
CPXCLASS,Elevators
EMCLASS,Endocrinology
CPXCLASS,Energy Conservation
CPXCLASS,Energy Conversion
CPXCLASS,Energy Conversion Issues
CPXCLASS,Energy Losses (industrial and residential)
CPXCLASS,Energy Losses/Dissipation
CPXCLASS,Energy Management
CPXCLASS,Energy Management and Conversion
CPXCLASS,Energy Policy
CPXCLASS,Energy Resources
CPXCLASS,Energy Resources and Renewable Energy Issues
CPXCLASS,Energy Storage
CPXCLASS,Energy Utilization
CPXCLASS,Engineering Graphics
CPXCLASS,Engineering Profession
CPXCLASS,Engineering Professional Aspects
CPXCLASS,Engineering Research
GEOCLASS,Engineering seismology
GEOCLASS,Environmental Assessment and Monitoring
GEOCLASS,Environmental Economics
CPXCLASS,Environmental Engineering
CPXCLASS,"Environmental Engineering, General"
EMCLASS,Environmental Health and Pollution Control
CPXCLASS,Environmental Impact and Protection
GEOCLASS,Environmental effects
EMCLASS,Epilepsy Abstracts
CPXCLASS,Ergonomics and Human Factors Engineering
GEOCLASS,Evaporation and transpiration
GEOCLASS,Evolution and Speciation
GEOCLASS,Excavation failure mechanisms
GEOCLASS,Experimental mineralogy
CPXCLASS,Expert Systems
CPXCLASS,Extraterrestrial Physics and Stellar Phenomena
GEOCLASS,"FINANCIAL SECTOR, DEBT"
GEOCLASS,FLUID MECHANICS
FLXCLASS,FLUID MECHANICS
FLXCLASS,FLUIDEX
GEOCLASS,"FOOD, FOOD SUPPLY"
GEOCLASS,FORESTRY
CPXCLASS,Facsimile Systems and Equipment
CPXCLASS,Farm Buildings and Other Structures
GEOCLASS,Fertility
CPXCLASS,Fiber Chemistry and Processing
CPXCLASS,Fiber Optics
CPXCLASS,Fiber Products
CPXCLASS,Fires and Fire Protection
GEOCLASS,Fisheries
GEOCLASS,Fisheries and aquatic resources
CPXCLASS,Fission and Fusion Reactions
CPXCLASS,Flexible Manufacturing Systems
CPXCLASS,Flood Control
CPXCLASS,Fluid Flow
CPXCLASS,"Fluid Flow, General"
GEOCLASS,Fluvial landforms
CPXCLASS,Food Processing Operations
CPXCLASS,Food Products
CPXCLASS,Food Products Plants and Equipment
CPXCLASS,Food Technology
EMCLASS,Forensic Science Abstracts
GEOCLASS,Forest Resources
GEOCLASS,Forestry
CPXCLASS,Foundations
GEOCLASS,Foundations and piles
CPXCLASS,Foundries
CPXCLASS,Foundry Practice
GEOCLASS,Freshwater ecology
CPXCLASS,Fuel Cells
CPXCLASS,Fuel Combustion
CPXCLASS,Fuel Combustion and Flame Research
ENCOMPASSCLASS,Fuel Reformulation
GEOCLASS,Fuel and Energy
GEOCLASS,Fungi and fungal associations
GEOCLASS,GENERAL MICROBIAL ECOLOGY
CABSCLASS,GENETICS AND MOLECULAR BIOLOGY
GEOCLASS,GEOCHRONOLOGY
GEOCLASS,"GIS, Remote Sensing"
GEOCLASS,GLOBAL ECOLOGY
CPXCLASS,Gas Dynamics
CPXCLASS,Gas Fuels
CPXCLASS,Gas Lasers
CPXCLASS,Gas Turbines and Engines
EMCLASS,Gastroenterology
CPXCLASS,Gems
GEOCLASS,Gender Studies
GEOCLASS,General
CABSCLASS,General
EMCLASS,General Pathology and Pathological Anatomy
GEOCLASS,General and chronology
GEOCLASS,General pollution
GEOCLASS,General underground storage
CPXCLASS,Genetic Engineering
GEOCLASS,Geobase
CPXCLASS,Geochemistry
GEOCLASS,"Geochronology, stratigraphy and palaeontology"
GEOCLASS,Geological factors
CPXCLASS,Geology
CPXCLASS,Geology and Geophysics
CPXCLASS,Geophysical Prospecting
CPXCLASS,Geophysics
CPXCLASS,Geothermal Energy
CPXCLASS,Geothermal Phenomena
GEOCLASS,Geothermal energy
EMCLASS,Gerontology and Geriatrics
GEOCLASS,Glacial landforms and sediments
CPXCLASS,Glass
GEOCLASS,Global and Regional Planning
CPXCLASS,Gravitation and Relativity
CPXCLASS,"Gravitation, Relativity and String Theory"
GEOCLASS,Groundwater
CPXCLASS,Groundwater
GEOCLASS,Groundwater problems and environmental effects
GEOCLASS,Groundwater processes
GEOCLASS,Groundwater quality
GEOCLASS,Grouting
GEOCLASS,HAZARDS AND DISASTER PLANNING
GEOCLASS,"HEALTH, HEALTH SYSTEMS AND SERVICES"
FLXCLASS,HEAT EXCHANGE
GEOCLASS,HOUSING
CPXCLASS,Health Care
EMCLASS,"Health Policy, Economics and Management"
ENCOMPASSCLASS,Health and Environment
CPXCLASS,Heat Exchange Equipment and Components
CPXCLASS,Heat Insulating Materials
CPXCLASS,Heat Transfer
CPXCLASS,Heat Treatment Processes
CPXCLASS,Heat and Mass Transfer
CPXCLASS,Heavy Duty Motor Vehicles
CPXCLASS,Heavy Metal Mines
GEOCLASS,Heavy metals
EMCLASS,Hematology
GEOCLASS,Herbivory
CPXCLASS,High Energy Physics
CPXCLASS,High Temperature Superconducting Materials
CPXCLASS,Highway Engineering
CPXCLASS,Highway Systems
CPXCLASS,Highway Traffic Control
CPXCLASS,Highway Transportation
CPXCLASS,"Highway Transportation, General"
CPXCLASS,Holography
CPXCLASS,"Hospitals, Equipment and Supplies"
GEOCLASS,Housing
CPXCLASS,Human Engineering
EMCLASS,Human Genetics
CPXCLASS,Human Rehabilitation Engineering
CPXCLASS,Hydraulic Equipment and Machinery
CPXCLASS,Hydraulics
GEOCLASS,Hydrocarbons
GEOCLASS,Hydrochemistry
CPXCLASS,Hydroelectric Power Plants
GEOCLASS,Hydrogeology
CABSCLASS,IMMUNOLOGY AND INFECTIOUS DISEASES
GEOCLASS,INDUSTRY AND SERVICES
GEOCLASS,"INDUSTRY, INDUSTRIAL POLICY"
GEOCLASS,"INTERNATIONAL RELATIONS, INTERNATIONAL FINANCIAL INSTITUTIONS"
GEOCLASS,Igneous geochemistry
GEOCLASS,Igneous petrology and processes
CPXCLASS,Imaging Techniques
CPXCLASS,Immunology
EMCLASS,"Immunology, Serology and Transplantation"
CPXCLASS,Impact of Technology on Society
CPXCLASS,Industrial Economics
CPXCLASS,Industrial Engineering
CPXCLASS,Industrial Engineering and Management
CPXCLASS,Industrial Furnaces and Components
CPXCLASS,Industrial Hygiene
CPXCLASS,Industrial Wastes
CPXCLASS,Industrial Wastes Treatment
CPXCLASS,Industrial Wastes Treatment and Disposal
CPXCLASS,Industrial and Agricultural Buildings
GEOCLASS,Influence of dynamic loads
CPXCLASS,Information Dissemination
CPXCLASS,Information Retrieval and Use
CPXCLASS,Information Science
CPXCLASS,Information Services
CPXCLASS,Information Sources and Analysis
CPXCLASS,Information Theory and Signal Processing
CPXCLASS,Information and Communication Theory
GEOCLASS,"Information systems, climatic and soil conditions"
CPXCLASS,Inorganic Compounds
CPXCLASS,Inorganic Polymers
CPXCLASS,Inspection
GEOCLASS,Instrumentation
CPXCLASS,"Internal Combustion Engines, General"
EMCLASS,Internal Medicine
GEOCLASS,International Trade and Economic Association
CPXCLASS,Inventory Control
GEOCLASS,Invertebrates
CPXCLASS,Iron
CPXCLASS,Iron Alloys
GEOCLASS,Karst
GEOCLASS,"LABOUR AND MANAGEMENT, EMPLOYMENT POLICY"
FLXCLASS,LUBRICATION
GEOCLASS,Labour and Income
CPXCLASS,Land Reclamation
GEOCLASS,"Land use, forestry and agriculture"
CPXCLASS,Laser Applications
CPXCLASS,Laser Beam Interactions
CPXCLASS,"Lasers, General"
CPXCLASS,Lead and Alloys
CPXCLASS,Leather
CPXCLASS,Legal Aspects
CPXCLASS,Libraries
CPXCLASS,Light Metal Mines
CPXCLASS,Light and Optics
CPXCLASS,"Light, Optics and Optical Devices"
CPXCLASS,Light/Optics
CPXCLASS,Liquid Dynamics
CPXCLASS,Liquid Fuels
CPXCLASS,Lithium and Alloys
CPXCLASS,Locomotives
CPXCLASS,Logic Elements
CPXCLASS,Lubricants
CPXCLASS,Lubrication
GEOCLASS,"MIGRATION, REFUGEES, RESETTLEMENT. LABOUR MIGRATION"
FLXCLASS,MIXING AND SEPARATION
CPXCLASS,Machine Components
CPXCLASS,Machine Learning
CPXCLASS,Machine Tool Accessories
CPXCLASS,"Machine Tools, General"
CPXCLASS,Machining Operations
GEOCLASS,"Macroalgal, seagrass and mangrove communities"
CPXCLASS,Magnesium and Alloys
CPXCLASS,Magnetic Materials
CPXCLASS,Magnetic Variables Measurements
CPXCLASS,"Magnetism, Basic Concepts and Phenomena"
CPXCLASS,Magnetism: Basic Concepts and Phenomena
CPXCLASS,Magnetohydrodynamic (MHD) Power Generation
CPXCLASS,Maintenance
CPXCLASS,Management
CPXCLASS,Manganese and Alloys
CPXCLASS,Manufacturing
CPXCLASS,Marine Drilling Rigs and Platforms
CPXCLASS,Marine Science and Oceanography
GEOCLASS,Marine and coastal environment
GEOCLASS,Marine ecology
GEOCLASS,Marine mammals
CPXCLASS,Maritime Structures
CPXCLASS,Marketing
CPXCLASS,Masonry Materials
CPXCLASS,Mass Transfer
CPXCLASS,Materials Handling Equipment
CPXCLASS,Materials Handling Methods
CPXCLASS,Materials Science
CPXCLASS,Mathematical Statistics
CPXCLASS,Mathematical Transformations
GEOCLASS,Mathematical and computing methods
CPXCLASS,Mathematics
CPXCLASS,Mechanical Design
CPXCLASS,Mechanical Devices
CPXCLASS,Mechanical Drives
CPXCLASS,Mechanical Drives and Transmissions
CPXCLASS,Mechanical Instruments
CPXCLASS,Mechanical Transmissions
CPXCLASS,Mechanical Variables Measurements
CPXCLASS,Mechanics
CPXCLASS,Mechanisms
CPXCLASS,Mechatronics
GEOCLASS,Medical Geography
CPXCLASS,Medicine
CPXCLASS,Medicine and Pharmacology
GEOCLASS,Mesozoic
CPXCLASS,Metal Cutting
CPXCLASS,Metal Forming
CPXCLASS,Metal Forming Practice
CPXCLASS,Metal Plating
CPXCLASS,Metal Refining
CPXCLASS,Metallography
CPXCLASS,Metallurgical Furnaces
CPXCLASS,Metallurgy
CPXCLASS,Metallurgy and Metallography
GEOCLASS,Metals
CPXCLASS,Metals Corrosion
CPXCLASS,Metals Corrosion and Protection
CPXCLASS,"Metals, Plastics, Wood and Other Structural Materials"
GEOCLASS,Metamorphic petrology and processes
CPXCLASS,Meteorological Instrumentation
CPXCLASS,Meteorology
GEOCLASS,Methods and management
CPXCLASS,Microbiology
EMCLASS,"Microbiology: Bacteriology, Mycology, Parasitology and Virology"
CPXCLASS,Microfluidics
GEOCLASS,Migration
CPXCLASS,Military Aircraft
CPXCLASS,Military Engineering
CPXCLASS,Mine and Quarry Operations
CPXCLASS,Mineralogy
CPXCLASS,Minerals
CPXCLASS,"Mines and Mining, Coal"
CPXCLASS,Mines and Quarry Equipment and Operations
GEOCLASS,Mines and quarries
CPXCLASS,"Minor, Precious and Rare Earth Metals and Alloys"
GEOCLASS,Modelling and numerical methods
CPXCLASS,"Modulators, Demodulators, Limiters, Discriminators, Mixers"
CPXCLASS,Moisture Measurements
CPXCLASS,Moisture Measuring Instruments
CPXCLASS,Molybdenum and Alloys
CPXCLASS,Mortar
CPXCLASS,"Mortar (Before 1993, use code 412)"
CPXCLASS,Municipal and Industrial Wastes
CABSCLASS,NEUROSCIENCE
GEOCLASS,NONGOVERNMENTAL ORGANISATIONS AND PEOPLE'S PARTICIPATION
GEOCLASS,NUTRITION
CPXCLASS,Nanofluidics
CPXCLASS,Nanotechnology
GEOCLASS,National Trade and Consumption
GEOCLASS,National and Land-Use Planning
GEOCLASS,National and Local Planning
CPXCLASS,Natural Fibers
ENCOMPASSCLASS,Natural Gas
CPXCLASS,Natural Gas Deposits
CPXCLASS,Natural Gas Fields
GEOCLASS,Natural Hazards
CPXCLASS,Natural Rubber
GEOCLASS,Nature - Society Relations
GEOCLASS,Nekton
EMCLASS,Neurology and Neurosurgery
CPXCLASS,Nickel
CPXCLASS,Nickel Alloys
GEOCLASS,Non-metals
CPXCLASS,Nonlinear Optics
CPXCLASS,Nonmetallic Mines
EMCLASS,Nuclear Medicine
CPXCLASS,Nuclear Physics
CPXCLASS,Nuclear Power Plants
CPXCLASS,Nuclear Reactors
CPXCLASS,Numerical Methods
GEOCLASS,Nutrients
EMCLASS,Obstetrics and Gynecology
EMCLASS,Occupational Health and Industrial Medicine
CPXCLASS,Ocean Engineering
CPXCLASS,Oceanographic Techniques
CPXCLASS,"Oceanography, General"
GEOCLASS,Offshore structures
ENCOMPASSCLASS,Oil Field Chemicals
CPXCLASS,Oil Field Equipment
CPXCLASS,Oil Field Production Operations
CPXCLASS,Oil Fields
GEOCLASS,Oil and chemical pollution
CPXCLASS,Operations Research
EMCLASS,Ophthalmology
CPXCLASS,Optical Communication
CPXCLASS,Optical Communication Equipment
CPXCLASS,Optical Communication Systems
CPXCLASS,Optical Devices and Systems
CPXCLASS,Optical Instruments
CPXCLASS,Optical Variables Measurements
CPXCLASS,Optimization Techniques
CPXCLASS,Ore Treatment
CPXCLASS,Organic Compounds
CPXCLASS,Organic Polymers
GEOCLASS,Organic matter
EMCLASS,Orthopedic Surgery
CPXCLASS,Oscillators
CPXCLASS,Other Electronic Circuits
CPXCLASS,Other Structural Materials
CPXCLASS,"Others, incl. Bismuth, Boron, Cadmium, Cobalt, Mercury, Niobium, Selenium, Silicon, Tellurium"
CPXCLASS,"Others, including Bismuth, Boron, Cadmium, Cobalt, Mercury, Niobium, Selenium, Silicon, Tellurium and Zirconium"
EMCLASS,Otorhinolaryngology
GEOCLASS,PALAEOECOLOGY
FLXCLASS,PETROLEUM ENGINEERING
CABSCLASS,PLANT SCIENCE
GEOCLASS,"POVERTY, WELFARE AND INCOME DISTRIBUTION"
FLXCLASS,POWER GENERATION AND POWER PLANTS
GEOCLASS,"PRIVATE INVESTMENT FLOWS, MULTINATIONALS"
FLXCLASS,PROCESS EQUIPMENT
CABSCLASS,PROTEIN BIOCHEMISTRY
CPXCLASS,Packaging
CPXCLASS,Packaging Equipment
CPXCLASS,Packaging Materials
GEOCLASS,Palaeoclimatology
GEOCLASS,Palaeoecology and palaeobiogeography
GEOCLASS,Palaeogeography and palaeoclimatology
GEOCLASS,Palaeomagnetism
GEOCLASS,Palaeozoic
CPXCLASS,Papermaking Equipment
CPXCLASS,Papermaking Processes
GEOCLASS,Participation and Decision-Making
CPXCLASS,Particle Accelerators
CPXCLASS,Passenger Highway Transportation
CPXCLASS,Passenger Railroad Transportation
EMCLASS,Pediatrics and Pediatric Surgery
GEOCLASS,Perception
GEOCLASS,"Permeability, porosity and capillarity"
CPXCLASS,Personnel
GEOCLASS,"Pest, disease and weed control"
GEOCLASS,Pests
CPXCLASS,Petroleum Deposits
CPXCLASS,Petroleum Products
CPXCLASS,Petroleum Refineries
ENCOMPASSCLASS,Petroleum Refining and Petrochemicals
CPXCLASS,"Petroleum Refining, General"
ENCOMPASSCLASS,Petroleum Substitutes
CPXCLASS,Petroleum and Related Deposits
CPXCLASS,"Petrology (Before 1993, use code 482)"
EMCLASS,Pharmacy
CPXCLASS,Photographic Equipment
CPXCLASS,Photographic and Video Equipment
CPXCLASS,Photography
CPXCLASS,Physical Chemistry
CPXCLASS,"Physical Properties of Gases, Liquids and Solids"
GEOCLASS,Physical properties
GEOCLASS,Physico-chemical properties
EMCLASS,Physiology
CPXCLASS,Pipe Accessories
CPXCLASS,"Pipe, Piping and Pipelines"
GEOCLASS,Planktonic ecosystems
GEOCLASS,Planning - General
GEOCLASS,Plant ecology
CPXCLASS,Plasma Physics
CPXCLASS,Plastics Processing
CPXCLASS,Plastics Products
GEOCLASS,Plate tectonics
CPXCLASS,Pneumatics
GEOCLASS,Policy
GEOCLASS,Political
GEOCLASS,Political systems and political change
GEOCLASS,Pollination and seed dispersal
GEOCLASS,Pollutant transport
GEOCLASS,Pollution
GEOCLASS,Pollution and waste management - non-radioactive
GEOCLASS,Pollution and waste management - radioactive
GEOCLASS,Pollution and waste recycling
GEOCLASS,Pollution control and remediation
CPXCLASS,Polymer Applications
CPXCLASS,Polymer Products
CPXCLASS,Polymeric Materials
CPXCLASS,Polymerization
CPXCLASS,Polymers and Polymer Science
GEOCLASS,Population Genetics
CPXCLASS,Precious Metals
CPXCLASS,Precipitation
GEOCLASS,Precipitation assessment
GEOCLASS,Precipitation quality
CPXCLASS,Pressure Measurements
CPXCLASS,Pressure Measuring Instruments
CPXCLASS,Primary Batteries
CPXCLASS,Printing
CPXCLASS,Printing Equipment
CPXCLASS,Printing and Reprography
CPXCLASS,Probability Theory
CPXCLASS,Process Heating
CPXCLASS,Processing Agents
CPXCLASS,Processing of Plastics and Other Polymers
CPXCLASS,Product Development
CPXCLASS,Production Control
CPXCLASS,Production Engineering
CPXCLASS,Production Planning and Control
GEOCLASS,Properties of minerals
CPXCLASS,Prosthetics
GEOCLASS,"Protected areas, wildlife conservation"
CPXCLASS,Protection Methods
EMCLASS,Psychiatry
CPXCLASS,Public Buildings
EMCLASS,"Public Health, Social Medicine and Epidemiology"
CPXCLASS,Pulp and Paper
CPXCLASS,Pulse Circuits
CPXCLASS,Pumps
CPXCLASS,Quality Assurance and Control
CPXCLASS,Quantum Theory
GEOCLASS,REGIONAL AND SPATIAL DEVELOPMENT AND PLANNING
GEOCLASS,ROCK AND SOIL REINFORCEMENT AND SUPPORT
CPXCLASS,Radar Systems and Equipment
CPXCLASS,Radiation Measurements
CPXCLASS,Radiation Measuring Instruments
CPXCLASS,Radio Systems and Equipment
CPXCLASS,Radioactive Material Applications
CPXCLASS,Radioactive Materials
CPXCLASS,"Radioactive Materials, General"
CPXCLASS,Radioactive Wastes
CPXCLASS,Radioisotopes
EMCLASS,Radiology
CPXCLASS,Rail Transportation
CPXCLASS,"Rail Transportation, General"
CPXCLASS,Railroad Cars
CPXCLASS,"Railroad Plant and Structures, General"
CPXCLASS,"Railroad Rolling Stock, General"
CPXCLASS,Railroad Transportation
CPXCLASS,"Railroad Transportation, General"
CPXCLASS,"Railway Plant and Structures, General"
GEOCLASS,Rainfall processes
CPXCLASS,Rare Earth Metals
GEOCLASS,Reef communities
CPXCLASS,Refractories
CPXCLASS,Refrigerants
CPXCLASS,Refrigeration Equipment and Components
CPXCLASS,Refrigeration Methods
GEOCLASS,Regional
CPXCLASS,Regional Planning and Development
GEOCLASS,Regional and Economic Planning
GEOCLASS,Regional and general
GEOCLASS,Regional structure and tectonics
GEOCLASS,Regional weather patterns
CPXCLASS,Rehabilitation Engineering and Assistive Technology
EMCLASS,Rehabilitation and Physical Medicine
GEOCLASS,Reinforced earth and geosynthetics
GEOCLASS,Remote sensing
CPXCLASS,"Reproduction, Copying"
CPXCLASS,Reservoirs
CPXCLASS,Residences
GEOCLASS,Restoration ecology
CPXCLASS,Roads and Streets
CPXCLASS,Robot Applications
CPXCLASS,Robotics
GEOCLASS,Rock mechanics
CPXCLASS,Rockets and Missiles
CPXCLASS,Rolling Mill Practice
CPXCLASS,Rubber Applications
CPXCLASS,Rubber Factories and Machinery
CPXCLASS,Rubber Products
CPXCLASS,Rubber and Elastomer Processing
CPXCLASS,Rubber and Elastomers
GEOCLASS,"Runoff, streamflow and basins"
GEOCLASS,"SOCIAL POLICY, OTHER SOCIAL SERVICES"
CPXCLASS,Safety Engineering
CPXCLASS,Satellites
GEOCLASS,Science and Technology
GEOCLASS,Sea level
GEOCLASS,Sea-level and river terraces
CPXCLASS,"Seawater, Tides and Waves"
GEOCLASS,Secondary
CPXCLASS,Secondary Batteries
CPXCLASS,Secondary Earthquake Effects
GEOCLASS,Sediment geochemistry
GEOCLASS,Sedimentary environments - oceanic
GEOCLASS,Sedimentary environments - terrestrial
GEOCLASS,Sedimentary geochemistry
GEOCLASS,Sediments and sedimentary processes - transport
GEOCLASS,Seismic theory
CPXCLASS,Seismology
CPXCLASS,Semiconducting Materials
CPXCLASS,Semiconductor Devices and Integrated Circuits
GEOCLASS,Services
CPXCLASS,Sewage
CPXCLASS,Sewage Treatment
CPXCLASS,Sewage and Industrial Wastes Treatment
CPXCLASS,Ship Equipment
CPXCLASS,Single Element Semiconducting Materials
GEOCLASS,Slopes
CPXCLASS,Small Marine Craft
CPXCLASS,Small Tools and Hardware
CPXCLASS,"Small Tools, Unpowered"
CPXCLASS,Smaller Vehicles
GEOCLASS,Social Geography
GEOCLASS,Social Geography - General
GEOCLASS,Social History
GEOCLASS,Social Planning
CPXCLASS,Social Sciences
GEOCLASS,"Social, economic and political aspects of rural change"
CPXCLASS,Societies and Institutions
GEOCLASS,Socioeconomic Indicators
CPXCLASS,Soil Mechanics and Foundations
GEOCLASS,Soil mechanics
GEOCLASS,Soil stabilisation
GEOCLASS,Soil studies
GEOCLASS,Soil water
CPXCLASS,Soils and Soil Mechanics
CPXCLASS,Solar Cells
CPXCLASS,Solar Energy and Phenomena
CPXCLASS,Solar Power
CPXCLASS,Soldering
CPXCLASS,Solid Fuels
CPXCLASS,Solid State Lasers
CPXCLASS,Solid State Physics
CPXCLASS,Sound Insulating Materials
CPXCLASS,Space Flight
CPXCLASS,Space Heating
CPXCLASS,Space Heating and Air Conditioning
CPXCLASS,"Space Heating, Ventilation and Air Conditioning"
CPXCLASS,Space Physics
CPXCLASS,Space Research
CPXCLASS,"Spacecraft, General"
GEOCLASS,"Spatial Analysis, Location Theory"
CPXCLASS,Special Purpose Instruments
GEOCLASS,Species
CPXCLASS,Specific Variables Control
CPXCLASS,Speech
CPXCLASS,Statistical Methods
CPXCLASS,Steam Power Plants
CPXCLASS,Steel
CPXCLASS,Storage
GEOCLASS,"Storms, disturbances, cyclones"
CPXCLASS,Strength of Building Materials
CPXCLASS,Structural Design
CPXCLASS,"Structural Design, General"
CPXCLASS,Structural Members and Shapes
GEOCLASS,Structural geology and tectonics
CPXCLASS,Superconducting Materials
CPXCLASS,Surface Water
GEOCLASS,Surface installations
GEOCLASS,Surface water quality
EMCLASS,Surgery
CPXCLASS,Surveying
CPXCLASS,Synthetic Fibers
CPXCLASS,Synthetic Rubber
CPXCLASS,Synthetic and Natural Fibers
CPXCLASS,Systems Science
FLXCLASS,THE ATMOSPHERE
GEOCLASS,TOURISM
CABSCLASS,TOXICOLOGY
GEOCLASS,TRADE AND TRADE POLICY
GEOCLASS,TRANSPORT AND COMMUNICATIONS
CPXCLASS,Tanks
CPXCLASS,Tantalum and Alloys
CPXCLASS,Telecommunication
CPXCLASS,Telephone Systems and Equipment
CPXCLASS,Telephone Systems and Related Technologies
CPXCLASS,Television Systems and Equipment
CPXCLASS,Temperature Measurements
CPXCLASS,Temperature Measuring Instruments
GEOCLASS,Tertiary
CPXCLASS,"Textile Mills, Machinery and Equipment"
CPXCLASS,Textile Products and Processing
GEOCLASS,The Holocene
CPXCLASS,Thermodynamics
CPXCLASS,Thermoelectric Energy
CPXCLASS,"Thermoelectric, Magnetohydrodynamic and Other Power Generators"
GEOCLASS,Tidal and estuarine ecology
CPXCLASS,Tin and Alloys
CPXCLASS,Titanium and Alloys
GEOCLASS,Tourism and Recreation
CPXCLASS,Towers
EMCLASS,Toxicology
GEOCLASS,Transport Planning
GEOCLASS,Transport and Communicatons
ENCOMPASSCLASS,Transportation and Storage
GEOCLASS,Tropics and sub-tropics
GEOCLASS,Tropics and subtropics
CPXCLASS,Tungsten and Alloys
GEOCLASS,Tunnels
CPXCLASS,Tunnels and Tunneling
CPXCLASS,Turbines and Steam Turbines
GEOCLASS,URBANISATION AND URBAN PLANNING
CPXCLASS,Ultrasonic Applications
CPXCLASS,Ultrasonic Waves
GEOCLASS,Underground excavations
GEOCLASS,Urban Planning
CPXCLASS,Urban Planning and Development
CPXCLASS,Urban and Regional Planning and Development
EMCLASS,Urology and Nephrology
FLXCLASS,VESSELS AND MARINE ENGINEERING
CPXCLASS,Vacuum Applications
CPXCLASS,Vacuum Technology
CPXCLASS,Value Engineering
CPXCLASS,Vanadium and Alloys
CPXCLASS,Ventilation
GEOCLASS,Vertebrates
CPXCLASS,Vision
FLXCLASS,WASTEWATER AND OTHER EFFLUENT/LIQUID WASTE ENGIN.
FLXCLASS,WATER ENGINEERING
GEOCLASS,WOMEN AND GENDER ISSUES
GEOCLASS,Waste Management and Pollution Policy
GEOCLASS,Waste disposal
CPXCLASS,Water Analysis
CPXCLASS,Water Pollution
CPXCLASS,Water Pollution Control
CPXCLASS,Water Pollution Sources
GEOCLASS,Water Resources
CPXCLASS,Water Resources
CPXCLASS,Water Supply Systems
CPXCLASS,Water Treatment Techniques
CPXCLASS,Water Treatment Techniques for Industrial Use
GEOCLASS,Water resources
GEOCLASS,Water resources and management
GEOCLASS,Water resources development - general
GEOCLASS,Water supply and sanitation
CPXCLASS,Waterway Transportation
CPXCLASS,"Waterway Transportation, General"
CPXCLASS,Waterways
CPXCLASS,Waterworks
CPXCLASS,Waveguides
GEOCLASS,Waves and oscillations
GEOCLASS,Weather and climate forecasting
CPXCLASS,Welding
CPXCLASS,Welding Processes
CPXCLASS,Welding and Bonding
GEOCLASS,Wetlands and estuaries
CPXCLASS,Wind Power
CPXCLASS,"Wind Power (Before 1993, use code 611)"
CPXCLASS,Wood and Wood Products
CPXCLASS,Woodlands and Forestry
CPXCLASS,Zinc and Alloys
